0.000000207,2.512469861,0
2.173E-07,2.435379985,0
2.277E-07,2.37477217,0
0.000000238,2.326814744,0
2.483E-07,2.287661985,0
2.587E-07,2.254871947,0
0.000000269,2.227557935,0
2.793E-07,2.204291677,0
2.896E-07,2.184271873,0
0.0000003,2.166735893,0
3.103E-07,2.151552173,0
3.206E-07,2.138177122,0
0.000000331,2.126214558,0
3.413E-07,2.115661961,0
3.516E-07,2.106210332,0
0.000000362,2.097628044,0
3.723E-07,2.089952469,0
3.826E-07,2.082991215,0
3.929E-07,2.076655666,0
4.033E-07,2.070817194,0
4.136E-07,2.065523824,0
4.239E-07,2.060662344,0
4.343E-07,2.056144126,0
4.446E-07,2.052015179,0
4.549E-07,2.048195052,0
4.653E-07,2.0446199,0
4.756E-07,2.04133135,0
4.859E-07,2.038270067,0
4.962E-07,2.035415172,0
5.066E-07,2.03272314,0
5.169E-07,2.030229185,0
5.272E-07,2.027891907,0
5.376E-07,2.025677597,0
5.479E-07,2.023617028,0
5.582E-07,2.021677713,0
5.686E-07,2.019832954,0
5.789E-07,2.018109605,0
5.892E-07,2.016481667,0
5.995E-07,2.014942129,0
6.099E-07,2.013470851,0
6.202E-07,2.01209028,0
6.305E-07,2.010780596,0
6.409E-07,2.009525203,0
6.512E-07,2.008343789,0
6.615E-07,2.007219919,0
6.719E-07,2.006139738,0
6.822E-07,2.005120573,0
6.925E-07,2.004148633,0
7.028E-07,2.003221017,0
7.132E-07,2.002326636,0
7.235E-07,2.001480192,0
7.338E-07,2.000670592,0
7.442E-07,1.99988835,0
7.545E-07,1.999146519,0
7.648E-07,1.998435578,0
7.752E-07,1.99774734,0
7.855E-07,1.99709344,0
7.958E-07,1.996465639,0
8.061E-07,1.995862557,0
8.165E-07,1.995277386,0
8.268E-07,1.994720163,0
8.371E-07,1.99418402,0
8.475E-07,1.993662984,0
8.578E-07,1.993166076,0
8.681E-07,1.992687259,0
8.785E-07,1.992221261,0
8.888E-07,1.991776216,0
8.991E-07,1.991346787,0
9.094E-07,1.99093225,0
9.198E-07,1.990528099,0
9.301E-07,1.990141457,0
9.404E-07,1.98976776,0
9.508E-07,1.989402984,0
9.611E-07,1.989053597,0
9.714E-07,1.98871552,0
9.818E-07,1.988385141,0
9.921E-07,1.98806835,0
0.000001002,1.987773221,0
0.000001013,1.987455608,0
0.000001023,1.987175898,0
0.000001033,1.986904436,0
0.000001044,1.98661497,0
0.000001054,1.986359797,0
0.000001064,1.986111922,0
0.000001075,1.985847358,0
0.000001085,1.985613922,0
0.000001095,1.985386967,0
0.000001106,1.985144518,0
0.000001116,1.984930409,0
0.000001126,1.984722076,0
0.000001137,1.984499334,0
0.000001147,1.984302468,0
0.000001157,1.984110767,0
0.000001168,1.983905646,0
0.000001178,1.983724214,0
0.000001188,1.983547414,0
0.000001199,1.983358097,0
0.000001209,1.983190521,0
0.000001219,1.983027112,0
0.00000123,1.982852011,0
0.00000124,1.982696911,0
1.53846E-06,2.46306,0.00003
1.53941E-06,2.46305,0.00003
1.54036E-06,2.46304,0.00003
1.54131E-06,2.46302,0.00003
1.54226E-06,2.46301,0.00003
1.54321E-06,2.463,0.00003
1.54416E-06,2.46299,0.00003
1.54512E-06,2.46297,0.00003
1.54607E-06,2.46296,0.00003
1.54703E-06,2.46295,0.00003
1.54799E-06,2.46293,0.00003
1.54895E-06,2.46292,0.00003
1.54991E-06,2.46291,0.00003
1.55087E-06,2.4629,0.00003
1.55183E-06,2.46288,0.00003
1.5528E-06,2.46287,0.00003
1.55376E-06,2.46286,0.00003
1.55473E-06,2.46284,0.00003
1.55569E-06,2.46283,0.00003
1.55666E-06,2.46282,0.00003
1.55763E-06,2.4628,0.00003
1.5586E-06,2.46279,0.00003
1.55958E-06,2.46278,0.00003
1.56055E-06,2.46276,0.00003
1.56152E-06,2.46275,0.00003
1.5625E-06,2.46274,0.00003
1.56348E-06,2.46272,0.00003
1.56446E-06,2.46271,0.00003
1.56544E-06,2.4627,0.00003
1.56642E-06,2.46268,0.00003
1.5674E-06,2.46267,0.00003
1.56838E-06,2.46266,0.00003
1.56937E-06,2.46264,0.00003
1.57035E-06,2.46263,0.00003
1.57134E-06,2.46262,0.00003
1.57233E-06,2.4626,0.00003
1.57332E-06,2.46259,0.00003
1.57431E-06,2.46258,0.00003
1.5753E-06,2.46256,0.00003
1.57629E-06,2.46255,0.00003
1.57729E-06,2.46253,0.00003
1.57828E-06,2.46252,0.00003
1.57928E-06,2.46251,0.00003
1.58028E-06,2.46249,0.00003
1.58128E-06,2.46248,0.00003
1.58228E-06,2.46246,0.00003
1.58328E-06,2.46245,0.00003
1.58428E-06,2.46244,0.00003
1.58529E-06,2.46242,0.00003
1.58629E-06,2.46241,0.00003
1.5873E-06,2.4624,0.00003
1.58831E-06,2.46238,0.00003
1.58932E-06,2.46237,0.00003
1.59033E-06,2.46235,0.00003
1.59134E-06,2.46234,0.00003
1.59236E-06,2.46232,0.00003
1.59337E-06,2.46231,0.00003
1.59439E-06,2.4623,0.00003
1.59541E-06,2.46228,0.00003
1.59642E-06,2.46227,0.00003
1.59744E-06,2.46225,0.00003
1.59847E-06,2.46224,0.00003
1.59949E-06,2.46223,0.00003
1.60051E-06,2.46221,0.00003
1.60154E-06,2.4622,0.00003
1.60256E-06,2.46218,0.00003
1.60359E-06,2.46217,0.00003
1.60462E-06,2.46215,0.00003
1.60565E-06,2.46214,0.00003
1.60668E-06,2.46212,0.00003
1.60772E-06,2.46211,0.00003
1.60875E-06,2.4621,0.00004
1.60979E-06,2.46208,0.00004
1.61082E-06,2.46207,0.00004
1.61186E-06,2.46205,0.00004
1.6129E-06,2.46204,0.00004
1.61394E-06,2.46202,0.00004
1.61499E-06,2.46201,0.00004
1.61603E-06,2.46199,0.00004
1.61708E-06,2.46198,0.00004
1.61812E-06,2.46196,0.00004
1.61917E-06,2.46195,0.00004
1.62022E-06,2.46193,0.00004
1.62127E-06,2.46192,0.00004
1.62232E-06,2.4619,0.00004
1.62338E-06,2.46189,0.00004
1.62443E-06,2.46187,0.00004
1.62549E-06,2.46186,0.00004
1.62655E-06,2.46184,0.00004
1.6276E-06,2.46183,0.00004
1.62866E-06,2.46181,0.00004
1.62973E-06,2.4618,0.00004
1.63079E-06,2.46178,0.00004
1.63185E-06,2.46177,0.00004
1.63292E-06,2.46175,0.00004
1.63399E-06,2.46174,0.00004
1.63506E-06,2.46172,0.00004
1.63613E-06,2.46171,0.00004
1.6372E-06,2.46169,0.00004
1.63827E-06,2.46167,0.00004
1.63934E-06,2.46166,0.00004
1.64042E-06,2.46164,0.00004
1.6415E-06,2.46163,0.00004
1.64258E-06,2.46161,0.00004
1.64366E-06,2.4616,0.00004
1.64474E-06,2.46158,0.00004
1.64582E-06,2.46157,0.00004
1.6469E-06,2.46155,0.00004
1.64799E-06,2.46153,0.00004
1.64908E-06,2.46152,0.00004
1.65017E-06,2.4615,0.00004
1.65125E-06,2.46149,0.00004
1.65235E-06,2.46147,0.00004
1.65344E-06,2.46146,0.00004
1.65453E-06,2.46144,0.00004
1.65563E-06,2.46142,0.00004
1.65673E-06,2.46141,0.00004
1.65782E-06,2.46139,0.00004
1.65893E-06,2.46138,0.00004
1.66003E-06,2.46136,0.00004
1.66113E-06,2.46134,0.00004
1.66223E-06,2.46133,0.00004
1.66334E-06,2.46131,0.00004
1.66445E-06,2.46129,0.00004
1.66556E-06,2.46128,0.00004
1.66667E-06,2.46126,0.00004
1.66778E-06,2.46125,0.00004
1.66889E-06,2.46123,0.00004
1.67001E-06,2.46121,0.00004
1.67112E-06,2.4612,0.00004
1.67224E-06,2.46118,0.00004
1.67336E-06,2.46116,0.00004
1.67448E-06,2.46115,0.00004
1.6756E-06,2.46113,0.00004
1.67673E-06,2.46111,0.00004
1.67785E-06,2.4611,0.00004
1.67898E-06,2.46108,0.00004
1.68011E-06,2.46106,0.00004
1.68124E-06,2.46105,0.00004
1.68237E-06,2.46103,0.00004
1.6835E-06,2.46101,0.00004
1.68464E-06,2.461,0.00004
1.68577E-06,2.46098,0.00004
1.68691E-06,2.46096,0.00004
1.68805E-06,2.46095,0.00004
1.68919E-06,2.46093,0.00004
1.69033E-06,2.46091,0.00004
1.69147E-06,2.4609,0.00004
1.69262E-06,2.46088,0.00004
1.69377E-06,2.46086,0.00004
1.69492E-06,2.46084,0.00004
1.69607E-06,2.46083,0.00004
1.69722E-06,2.46081,0.00004
1.69837E-06,2.46079,0.00004
1.69952E-06,2.46077,0.00004
1.70068E-06,2.46076,0.00004
1.70184E-06,2.46074,0.00004
0.000001703,2.46072,0.00004
1.70416E-06,2.46071,0.00004
1.70532E-06,2.46069,0.00004
1.70648E-06,2.46067,0.00004
1.70765E-06,2.46065,0.00004
1.70882E-06,2.46063,0.00004
1.70999E-06,2.46062,0.00004
1.71116E-06,2.4606,0.00004
1.71233E-06,2.46058,0.00004
1.7135E-06,2.46056,0.00004
1.71468E-06,2.46055,0.00004
1.71585E-06,2.46053,0.00004
1.71703E-06,2.46051,0.00004
1.71821E-06,2.46049,0.00004
1.71939E-06,2.46047,0.00004
1.72058E-06,2.46046,0.00004
1.72176E-06,2.46044,0.00004
1.72295E-06,2.46042,0.00004
1.72414E-06,2.4604,0.00004
1.72533E-06,2.46038,0.00004
1.72652E-06,2.46037,0.00004
1.72771E-06,2.46035,0.00004
1.72891E-06,2.46033,0.00004
1.7301E-06,2.46031,0.00004
1.7313E-06,2.46029,0.00004
1.7325E-06,2.46027,0.00004
1.7337E-06,2.46026,0.00004
1.73491E-06,2.46024,0.00004
1.73611E-06,2.46022,0.00004
1.73732E-06,2.4602,0.00004
1.73853E-06,2.46018,0.00005
1.73974E-06,2.46016,0.00005
1.74095E-06,2.46015,0.00005
1.74216E-06,2.46013,0.00005
1.74338E-06,2.46011,0.00005
1.74459E-06,2.46009,0.00005
1.74581E-06,2.46007,0.00005
1.74703E-06,2.46005,0.00005
1.74825E-06,2.46003,0.00005
1.74948E-06,2.46001,0.00005
1.7507E-06,2.45999,0.00005
1.75193E-06,2.45998,0.00005
1.75316E-06,2.45996,0.00005
1.75439E-06,2.45994,0.00005
1.75562E-06,2.45992,0.00005
1.75685E-06,2.4599,0.00005
1.75809E-06,2.45988,0.00005
1.75932E-06,2.45986,0.00005
1.76056E-06,2.45984,0.00005
1.7618E-06,2.45982,0.00005
1.76305E-06,2.4598,0.00005
1.76429E-06,2.45978,0.00005
1.76554E-06,2.45976,0.00005
1.76678E-06,2.45974,0.00005
1.76803E-06,2.45972,0.00005
1.76929E-06,2.4597,0.00005
1.77054E-06,2.45969,0.00005
1.77179E-06,2.45967,0.00005
1.77305E-06,2.45965,0.00005
1.77431E-06,2.45963,0.00005
1.77557E-06,2.45961,0.00005
1.77683E-06,2.45959,0.00005
1.77809E-06,2.45957,0.00005
1.77936E-06,2.45955,0.00005
1.78063E-06,2.45953,0.00005
1.7819E-06,2.45951,0.00005
1.78317E-06,2.45949,0.00005
1.78444E-06,2.45947,0.00005
1.78571E-06,2.45945,0.00005
1.78699E-06,2.45943,0.00005
1.78827E-06,2.45941,0.00005
1.78955E-06,2.45938,0.00005
1.79083E-06,2.45936,0.00005
1.79211E-06,2.45934,0.00005
1.7934E-06,2.45932,0.00005
1.79469E-06,2.4593,0.00005
1.79598E-06,2.45928,0.00005
1.79727E-06,2.45926,0.00005
1.79856E-06,2.45924,0.00005
1.79986E-06,2.45922,0.00005
1.80115E-06,2.4592,0.00005
1.80245E-06,2.45918,0.00005
1.80375E-06,2.45916,0.00005
1.80505E-06,2.45914,0.00005
1.80636E-06,2.45912,0.00005
1.80766E-06,2.4591,0.00005
1.80897E-06,2.45907,0.00005
1.81028E-06,2.45905,0.00005
1.81159E-06,2.45903,0.00005
1.81291E-06,2.45901,0.00005
1.81422E-06,2.45899,0.00005
1.81554E-06,2.45897,0.00005
1.81686E-06,2.45895,0.00005
1.81818E-06,2.45893,0.00005
1.81951E-06,2.4589,0.00005
1.82083E-06,2.45888,0.00005
1.82216E-06,2.45886,0.00005
1.82349E-06,2.45884,0.00005
1.82482E-06,2.45882,0.00005
1.82615E-06,2.4588,0.00005
1.82749E-06,2.45877,0.00005
1.82882E-06,2.45875,0.00005
1.83016E-06,2.45873,0.00005
1.8315E-06,2.45871,0.00005
1.83284E-06,2.45869,0.00005
1.83419E-06,2.45867,0.00005
1.83554E-06,2.45864,0.00005
1.83688E-06,2.45862,0.00005
1.83824E-06,2.4586,0.00005
1.83959E-06,2.45858,0.00005
1.84094E-06,2.45856,0.00005
1.8423E-06,2.45853,0.00005
1.84366E-06,2.45851,0.00005
1.84502E-06,2.45849,0.00005
1.84638E-06,2.45847,0.00005
1.84775E-06,2.45844,0.00006
1.84911E-06,2.45842,0.00006
1.85048E-06,2.4584,0.00006
1.85185E-06,2.45838,0.00006
1.85322E-06,2.45835,0.00006
1.8546E-06,2.45833,0.00006
1.85598E-06,2.45831,0.00006
1.85736E-06,2.45828,0.00006
1.85874E-06,2.45826,0.00006
1.86012E-06,2.45824,0.00006
1.8615E-06,2.45822,0.00006
1.86289E-06,2.45819,0.00006
1.86428E-06,2.45817,0.00006
1.86567E-06,2.45815,0.00006
1.86706E-06,2.45812,0.00006
1.86846E-06,2.4581,0.00006
1.86986E-06,2.45808,0.00006
1.87126E-06,2.45805,0.00006
1.87266E-06,2.45803,0.00006
1.87406E-06,2.45801,0.00006
1.87547E-06,2.45798,0.00006
1.87688E-06,2.45796,0.00006
1.87829E-06,2.45794,0.00006
1.8797E-06,2.45791,0.00006
1.88111E-06,2.45789,0.00006
1.88253E-06,2.45786,0.00006
1.88395E-06,2.45784,0.00006
1.88537E-06,2.45782,0.00006
1.88679E-06,2.45779,0.00006
1.88822E-06,2.45777,0.00006
1.88964E-06,2.45774,0.00006
1.89107E-06,2.45772,0.00006
1.89251E-06,2.4577,0.00006
1.89394E-06,2.45767,0.00006
1.89538E-06,2.45765,0.00006
1.89681E-06,2.45762,0.00006
1.89825E-06,2.4576,0.00006
1.8997E-06,2.45757,0.00006
1.90114E-06,2.45755,0.00006
1.90259E-06,2.45752,0.00006
1.90404E-06,2.4575,0.00006
1.90549E-06,2.45747,0.00006
1.90694E-06,2.45745,0.00006
1.9084E-06,2.45742,0.00006
1.90985E-06,2.4574,0.00006
1.91131E-06,2.45738,0.00006
1.91278E-06,2.45735,0.00006
1.91424E-06,2.45732,0.00006
1.91571E-06,2.4573,0.00006
1.91718E-06,2.45727,0.00006
1.91865E-06,2.45725,0.00006
1.92012E-06,2.45722,0.00006
1.9216E-06,2.4572,0.00006
1.92308E-06,2.45717,0.00006
1.92456E-06,2.45715,0.00006
1.92604E-06,2.45712,0.00006
1.92753E-06,2.4571,0.00006
1.92901E-06,2.45707,0.00006
1.9305E-06,2.45704,0.00006
1.93199E-06,2.45702,0.00006
1.93349E-06,2.45699,0.00006
1.93498E-06,2.45697,0.00006
1.93648E-06,2.45694,0.00006
1.93798E-06,2.45691,0.00006
1.93949E-06,2.45689,0.00006
1.94099E-06,2.45686,0.00007
1.9425E-06,2.45684,0.00007
1.94401E-06,2.45681,0.00007
1.94553E-06,2.45678,0.00007
1.94704E-06,2.45676,0.00007
1.94856E-06,2.45673,0.00007
1.95008E-06,2.4567,0.00007
1.9516E-06,2.45668,0.00007
1.95313E-06,2.45665,0.00007
1.95465E-06,2.45662,0.00007
1.95618E-06,2.4566,0.00007
1.95771E-06,2.45657,0.00007
1.95925E-06,2.45654,0.00007
1.96078E-06,2.45651,0.00007
1.96232E-06,2.45649,0.00007
1.96386E-06,2.45646,0.00007
1.96541E-06,2.45643,0.00007
1.96696E-06,2.45641,0.00007
1.9685E-06,2.45638,0.00007
1.97006E-06,2.45635,0.00007
1.97161E-06,2.45632,0.00007
1.97316E-06,2.4563,0.00007
1.97472E-06,2.45627,0.00007
1.97628E-06,2.45624,0.00007
1.97785E-06,2.45621,0.00007
1.97941E-06,2.45618,0.00007
1.98098E-06,2.45616,0.00007
1.98255E-06,2.45613,0.00007
1.98413E-06,2.4561,0.00007
1.9857E-06,2.45607,0.00007
1.98728E-06,2.45604,0.00007
1.98886E-06,2.45602,0.00007
1.99045E-06,2.45599,0.00007
1.99203E-06,2.45596,0.00007
1.99362E-06,2.45593,0.00007
1.99521E-06,2.4559,0.00007
1.99681E-06,2.45587,0.00007
1.9984E-06,2.45584,0.00007
0.000002,2.45582,0.00007
2.0016E-06,2.45579,0.00007
2.00321E-06,2.45576,0.00007
2.00481E-06,2.45573,0.00007
2.00642E-06,2.4557,0.00007
2.00803E-06,2.45567,0.00007
2.00965E-06,2.45564,0.00007
2.01126E-06,2.45561,0.00007
2.01288E-06,2.45558,0.00007
2.0145E-06,2.45555,0.00007
2.01613E-06,2.45552,0.00007
2.01776E-06,2.45549,0.00007
2.01939E-06,2.45546,0.00007
2.02102E-06,2.45543,0.00007
2.02265E-06,2.4554,0.00007
2.02429E-06,2.45537,0.00008
2.02593E-06,2.45534,0.00008
2.02758E-06,2.45531,0.00008
2.02922E-06,2.45528,0.00008
2.03087E-06,2.45525,0.00008
2.03252E-06,2.45522,0.00008
2.03417E-06,2.45519,0.00008
2.03583E-06,2.45516,0.00008
2.03749E-06,2.45513,0.00008
2.03915E-06,2.4551,0.00008
2.04082E-06,2.45507,0.00008
2.04248E-06,2.45504,0.00008
2.04415E-06,2.45501,0.00008
2.04583E-06,2.45498,0.00008
2.0475E-06,2.45495,0.00008
2.04918E-06,2.45491,0.00008
2.05086E-06,2.45488,0.00008
2.05255E-06,2.45485,0.00008
2.05423E-06,2.45482,0.00008
2.05592E-06,2.45479,0.00008
2.05761E-06,2.45476,0.00008
2.05931E-06,2.45473,0.00008
2.06101E-06,2.45469,0.00008
2.06271E-06,2.45466,0.00008
2.06441E-06,2.45463,0.00008
2.06612E-06,2.4546,0.00008
2.06782E-06,2.45457,0.00008
2.06954E-06,2.45453,0.00008
2.07125E-06,2.4545,0.00008
2.07297E-06,2.45447,0.00008
2.07469E-06,2.45444,0.00008
2.07641E-06,2.4544,0.00008
2.07814E-06,2.45437,0.00008
2.07987E-06,2.45434,0.00008
2.0816E-06,2.45431,0.00008
2.08333E-06,2.45427,0.00008
2.08507E-06,2.45424,0.00008
2.08681E-06,2.45421,0.00008
2.08855E-06,2.45417,0.00008
2.0903E-06,2.45414,0.00008
2.09205E-06,2.45411,0.00008
2.0938E-06,2.45407,0.00008
2.09556E-06,2.45404,0.00008
2.09732E-06,2.45401,0.00008
2.09908E-06,2.45397,0.00009
2.10084E-06,2.45394,0.00009
2.10261E-06,2.45391,0.00009
2.10438E-06,2.45387,0.00009
2.10615E-06,2.45384,0.00009
2.10793E-06,2.4538,0.00009
2.1097E-06,2.45377,0.00009
2.11149E-06,2.45374,0.00009
2.11327E-06,2.4537,0.00009
2.11506E-06,2.45367,0.00009
2.11685E-06,2.45363,0.00009
2.11864E-06,2.4536,0.00009
2.12044E-06,2.45356,0.00009
2.12224E-06,2.45353,0.00009
2.12404E-06,2.45349,0.00009
2.12585E-06,2.45346,0.00009
2.12766E-06,2.45342,0.00009
2.12947E-06,2.45339,0.00009
2.13129E-06,2.45335,0.00009
2.13311E-06,2.45332,0.00009
2.13493E-06,2.45328,0.00009
2.13675E-06,2.45325,0.00009
2.13858E-06,2.45321,0.00009
2.14041E-06,2.45317,0.00009
2.14225E-06,2.45314,0.00009
2.14408E-06,2.4531,0.00009
2.14592E-06,2.45307,0.00009
2.14777E-06,2.45303,0.00009
2.14961E-06,2.45299,0.00009
2.15146E-06,2.45296,0.00009
2.15332E-06,2.45292,0.00009
2.15517E-06,2.45288,0.00009
2.15703E-06,2.45285,0.00009
2.15889E-06,2.45281,0.00009
2.16076E-06,2.45277,0.00009
2.16263E-06,2.45274,0.00009
2.1645E-06,2.4527,0.00009
2.16638E-06,2.45266,0.00009
2.16826E-06,2.45263,0.0001
2.17014E-06,2.45259,0.0001
2.17202E-06,2.45255,0.0001
2.17391E-06,2.45251,0.0001
2.17581E-06,2.45248,0.0001
2.1777E-06,2.45244,0.0001
2.1796E-06,2.4524,0.0001
2.1815E-06,2.45236,0.0001
2.18341E-06,2.45232,0.0001
2.18531E-06,2.45229,0.0001
2.18723E-06,2.45225,0.0001
2.18914E-06,2.45221,0.0001
2.19106E-06,2.45217,0.0001
2.19298E-06,2.45213,0.0001
2.19491E-06,2.45209,0.0001
2.19684E-06,2.45205,0.0001
2.19877E-06,2.45201,0.0001
2.2007E-06,2.45198,0.0001
2.20264E-06,2.45194,0.0001
2.20459E-06,2.4519,0.0001
2.20653E-06,2.45186,0.0001
2.20848E-06,2.45182,0.0001
2.21043E-06,2.45178,0.0001
2.21239E-06,2.45174,0.0001
2.21435E-06,2.4517,0.0001
2.21631E-06,2.45166,0.0001
2.21828E-06,2.45162,0.0001
2.22025E-06,2.45158,0.0001
2.22222E-06,2.45154,0.0001
2.2242E-06,2.4515,0.0001
2.22618E-06,2.45146,0.0001
2.22816E-06,2.45142,0.0001
2.23015E-06,2.45138,0.00011
2.23214E-06,2.45133,0.00011
2.23414E-06,2.45129,0.00011
2.23614E-06,2.45125,0.00011
2.23814E-06,2.45121,0.00011
2.24014E-06,2.45117,0.00011
2.24215E-06,2.45113,0.00011
2.24417E-06,2.45109,0.00011
2.24618E-06,2.45104,0.00011
2.2482E-06,2.451,0.00011
2.25023E-06,2.45096,0.00011
2.25225E-06,2.45092,0.00011
2.25428E-06,2.45088,0.00011
2.25632E-06,2.45083,0.00011
2.25836E-06,2.45079,0.00011
2.2604E-06,2.45075,0.00011
2.26244E-06,2.45071,0.00011
2.26449E-06,2.45066,0.00011
2.26655E-06,2.45062,0.00011
2.2686E-06,2.45058,0.00011
2.27066E-06,2.45053,0.00011
2.27273E-06,2.45049,0.00011
2.2748E-06,2.45045,0.00011
2.27687E-06,2.4504,0.00011
2.27894E-06,2.45036,0.00011
2.28102E-06,2.45032,0.00011
2.28311E-06,2.45027,0.00011
2.28519E-06,2.45023,0.00011
2.28728E-06,2.45018,0.00012
2.28938E-06,2.45014,0.00012
2.29148E-06,2.45009,0.00012
2.29358E-06,2.45005,0.00012
2.29568E-06,2.45,0.00012
2.29779E-06,2.44996,0.00012
2.29991E-06,2.44991,0.00012
2.30203E-06,2.44987,0.00012
2.30415E-06,2.44982,0.00012
2.30627E-06,2.44978,0.00012
2.3084E-06,2.44973,0.00012
2.31054E-06,2.44969,0.00012
2.31267E-06,2.44964,0.00012
2.31481E-06,2.44959,0.00012
2.31696E-06,2.44955,0.00012
2.31911E-06,2.4495,0.00012
2.32126E-06,2.44946,0.00012
2.32342E-06,2.44941,0.00012
2.32558E-06,2.44936,0.00012
2.32775E-06,2.44932,0.00012
2.32992E-06,2.44927,0.00012
2.33209E-06,2.44922,0.00012
2.33427E-06,2.44917,0.00012
2.33645E-06,2.44913,0.00012
2.33863E-06,2.44908,0.00012
2.34082E-06,2.44903,0.00013
2.34302E-06,2.44898,0.00013
2.34522E-06,2.44894,0.00013
2.34742E-06,2.44889,0.00013
2.34962E-06,2.44884,0.00013
2.35183E-06,2.44879,0.00013
2.35405E-06,2.44874,0.00013
2.35627E-06,2.44869,0.00013
2.35849E-06,2.44864,0.00013
2.36072E-06,2.4486,0.00013
2.36295E-06,2.44855,0.00013
2.36518E-06,2.4485,0.00013
2.36742E-06,2.44845,0.00013
2.36967E-06,2.4484,0.00013
2.37192E-06,2.44835,0.00013
2.37417E-06,2.4483,0.00013
2.37643E-06,2.44825,0.00013
2.37869E-06,2.4482,0.00013
2.38095E-06,2.44815,0.00013
2.38322E-06,2.4481,0.00013
2.3855E-06,2.44805,0.00013
2.38777E-06,2.44799,0.00013
2.39006E-06,2.44794,0.00014
2.39234E-06,2.44789,0.00014
2.39464E-06,2.44784,0.00014
2.39693E-06,2.44779,0.00014
2.39923E-06,2.44774,0.00014
2.40154E-06,2.44769,0.00014
2.40385E-06,2.44763,0.00014
2.40616E-06,2.44758,0.00014
2.40848E-06,2.44753,0.00014
2.4108E-06,2.44748,0.00014
2.41313E-06,2.44742,0.00014
2.41546E-06,2.44737,0.00014
2.41779E-06,2.44732,0.00014
2.42014E-06,2.44727,0.00014
2.42248E-06,2.44721,0.00014
2.42483E-06,2.44716,0.00014
2.42718E-06,2.44711,0.00014
2.42954E-06,2.44705,0.00014
2.43191E-06,2.447,0.00014
2.43427E-06,2.44694,0.00014
2.43665E-06,2.44689,0.00015
2.43902E-06,2.44683,0.00015
2.44141E-06,2.44678,0.00015
2.44379E-06,2.44672,0.00015
2.44618E-06,2.44667,0.00015
2.44858E-06,2.44661,0.00015
2.45098E-06,2.44656,0.00015
2.45339E-06,2.4465,0.00015
2.4558E-06,2.44645,0.00015
2.45821E-06,2.44639,0.00015
2.46063E-06,2.44634,0.00015
2.46305E-06,2.44628,0.00015
2.46548E-06,2.44622,0.00015
2.46792E-06,2.44617,0.00015
2.47036E-06,2.44611,0.00015
2.4728E-06,2.44605,0.00015
2.47525E-06,2.44599,0.00015
2.4777E-06,2.44594,0.00015
2.48016E-06,2.44588,0.00015
2.48262E-06,2.44582,0.00016
2.48509E-06,2.44576,0.00016
2.48756E-06,2.44571,0.00016
2.49004E-06,2.44565,0.00016
2.49252E-06,2.44559,0.00016
2.49501E-06,2.44553,0.00016
2.4975E-06,2.44547,0.00016
0.0000025,2.44541,0.00016
2.5025E-06,2.44535,0.00016
2.50501E-06,2.44529,0.00016
2.50752E-06,2.44523,0.00016
2.51004E-06,2.44517,0.00016
2.51256E-06,2.44511,0.00016
2.51509E-06,2.44505,0.00016
2.51762E-06,2.44499,0.00016
2.52016E-06,2.44493,0.00016
2.5227E-06,2.44487,0.00016
2.52525E-06,2.44481,0.00017
2.52781E-06,2.44475,0.00017
2.53036E-06,2.44469,0.00017
2.53293E-06,2.44463,0.00017
2.5355E-06,2.44456,0.00017
2.53807E-06,2.4445,0.00017
2.54065E-06,2.44444,0.00017
2.54323E-06,2.44438,0.00017
2.54582E-06,2.44431,0.00017
2.54842E-06,2.44425,0.00017
2.55102E-06,2.44419,0.00017
2.55363E-06,2.44413,0.00017
2.55624E-06,2.44406,0.00017
2.55885E-06,2.444,0.00017
2.56148E-06,2.44393,0.00017
2.5641E-06,2.44387,0.00018
2.56674E-06,2.44381,0.00018
2.56937E-06,2.44374,0.00018
2.57202E-06,2.44368,0.00018
2.57467E-06,2.44361,0.00018
2.57732E-06,2.44355,0.00018
2.57998E-06,2.44348,0.00018
2.58264E-06,2.44341,0.00018
2.58532E-06,2.44335,0.00018
2.58799E-06,2.44328,0.00018
2.59067E-06,2.44322,0.00018
2.59336E-06,2.44315,0.00018
2.59605E-06,2.44308,0.00018
2.59875E-06,2.44301,0.00018
2.60146E-06,2.44295,0.00019
2.60417E-06,2.44288,0.00019
2.60688E-06,2.44281,0.00019
2.6096E-06,2.44274,0.00019
2.61233E-06,2.44268,0.00019
2.61506E-06,2.44261,0.00019
2.6178E-06,2.44254,0.00019
2.62055E-06,2.44247,0.00019
2.62329E-06,2.4424,0.00019
2.62605E-06,2.44233,0.00019
2.62881E-06,2.44226,0.00019
2.63158E-06,2.44219,0.00019
2.63435E-06,2.44212,0.00019
2.63713E-06,2.44205,0.00019
2.63992E-06,2.44198,0.0002
2.64271E-06,2.44191,0.0002
2.6455E-06,2.44184,0.0002
2.64831E-06,2.44177,0.0002
2.65111E-06,2.44169,0.0002
2.65393E-06,2.44162,0.0002
2.65675E-06,2.44155,0.0002
2.65957E-06,2.44148,0.0002
2.66241E-06,2.44141,0.0002
2.66525E-06,2.44133,0.0002
2.66809E-06,2.44126,0.0002
2.67094E-06,2.44119,0.0002
2.6738E-06,2.44111,0.00021
2.67666E-06,2.44104,0.00021
2.67953E-06,2.44096,0.00021
2.6824E-06,2.44089,0.00021
2.68528E-06,2.44081,0.00021
2.68817E-06,2.44074,0.00021
2.69107E-06,2.44066,0.00021
2.69397E-06,2.44059,0.00021
2.69687E-06,2.44051,0.00021
2.69978E-06,2.44044,0.00021
2.7027E-06,2.44036,0.00021
2.70563E-06,2.44028,0.00021
2.70856E-06,2.44021,0.00022
2.7115E-06,2.44013,0.00022
2.71444E-06,2.44005,0.00022
2.71739E-06,2.43997,0.00022
2.72035E-06,2.4399,0.00022
2.72331E-06,2.43982,0.00022
2.72628E-06,2.43974,0.00022
2.72926E-06,2.43966,0.00022
2.73224E-06,2.43958,0.00022
2.73523E-06,2.4395,0.00022
2.73823E-06,2.43942,0.00022
2.74123E-06,2.43934,0.00023
2.74424E-06,2.43926,0.00023
2.74725E-06,2.43918,0.00023
2.75028E-06,2.4391,0.00023
2.7533E-06,2.43902,0.00023
2.75634E-06,2.43894,0.00023
2.75938E-06,2.43885,0.00023
2.76243E-06,2.43877,0.00023
2.76549E-06,2.43869,0.00023
2.76855E-06,2.43861,0.00023
2.77162E-06,2.43852,0.00024
2.77469E-06,2.43844,0.00024
2.77778E-06,2.43836,0.00024
2.78087E-06,2.43827,0.00024
2.78396E-06,2.43819,0.00024
2.78707E-06,2.4381,0.00024
2.79018E-06,2.43802,0.00024
2.7933E-06,2.43793,0.00024
2.79642E-06,2.43785,0.00024
2.79955E-06,2.43776,0.00024
2.80269E-06,2.43768,0.00025
2.80584E-06,2.43759,0.00025
2.80899E-06,2.4375,0.00025
2.81215E-06,2.43742,0.00025
2.81532E-06,2.43733,0.00025
2.81849E-06,2.43724,0.00025
2.82167E-06,2.43715,0.00025
2.82486E-06,2.43706,0.00025
2.82805E-06,2.43697,0.00025
2.83126E-06,2.43688,0.00026
2.83447E-06,2.4368,0.00026
2.83768E-06,2.43671,0.00026
2.84091E-06,2.43662,0.00026
2.84414E-06,2.43652,0.00026
2.84738E-06,2.43643,0.00026
2.85063E-06,2.43634,0.00026
2.85388E-06,2.43625,0.00026
2.85714E-06,2.43616,0.00026
2.86041E-06,2.43607,0.00027
2.86369E-06,2.43597,0.00027
2.86697E-06,2.43588,0.00027
2.87026E-06,2.43579,0.00027
2.87356E-06,2.43569,0.00027
2.87687E-06,2.4356,0.00027
2.88018E-06,2.4355,0.00027
2.88351E-06,2.43541,0.00027
2.88684E-06,2.43531,0.00028
2.89017E-06,2.43522,0.00028
2.89352E-06,2.43512,0.00028
2.89687E-06,2.43503,0.00028
2.90023E-06,2.43493,0.00028
2.9036E-06,2.43483,0.00028
2.90698E-06,2.43473,0.00028
2.91036E-06,2.43464,0.00028
2.91375E-06,2.43454,0.00029
2.91715E-06,2.43444,0.00029
2.92056E-06,2.43434,0.00029
2.92398E-06,2.43424,0.00029
2.9274E-06,2.43414,0.00029
2.93083E-06,2.43404,0.00029
2.93427E-06,2.43394,0.00029
2.93772E-06,2.43384,0.00029
2.94118E-06,2.43374,0.0003
2.94464E-06,2.43364,0.0003
2.94811E-06,2.43353,0.0003
2.95159E-06,2.43343,0.0003
2.95508E-06,2.43333,0.0003
2.95858E-06,2.43322,0.0003
2.96209E-06,2.43312,0.0003
2.9656E-06,2.43302,0.00031
2.96912E-06,2.43291,0.00031
2.97265E-06,2.43281,0.00031
2.97619E-06,2.4327,0.00031
2.97974E-06,2.43259,0.00031
2.98329E-06,2.43249,0.00031
2.98686E-06,2.43238,0.00031
2.99043E-06,2.43227,0.00032
2.99401E-06,2.43217,0.00032
2.9976E-06,2.43206,0.00032
3.0012E-06,2.43195,0.00032
3.00481E-06,2.43184,0.00032
3.00842E-06,2.43173,0.00032
3.01205E-06,2.43162,0.00032
3.01568E-06,2.43151,0.00033
3.01932E-06,2.4314,0.00033
3.02297E-06,2.43129,0.00033
3.02663E-06,2.43118,0.00033
3.0303E-06,2.43106,0.00033
3.03398E-06,2.43095,0.00033
3.03767E-06,2.43084,0.00033
3.04136E-06,2.43072,0.00034
3.04507E-06,2.43061,0.00034
3.04878E-06,2.43049,0.00034
3.0525E-06,2.43038,0.00034
3.05623E-06,2.43026,0.00034
3.05998E-06,2.43015,0.00034
3.06373E-06,2.43003,0.00035
3.06748E-06,2.42991,0.00035
3.07125E-06,2.4298,0.00035
3.07503E-06,2.42968,0.00035
3.07882E-06,2.42956,0.00035
3.08261E-06,2.42944,0.00035
3.08642E-06,2.42932,0.00036
3.09023E-06,2.4292,0.00036
3.09406E-06,2.42908,0.00036
3.09789E-06,2.42896,0.00036
3.10174E-06,2.42884,0.00036
3.10559E-06,2.42871,0.00036
3.10945E-06,2.42859,0.00037
3.11333E-06,2.42847,0.00037
3.11721E-06,2.42834,0.00037
3.1211E-06,2.42822,0.00037
0.000003125,2.4281,0.00037
3.12891E-06,2.42797,0.00038
3.13283E-06,2.42784,0.00038
3.13676E-06,2.42772,0.00038
3.1407E-06,2.42759,0.00038
3.14465E-06,2.42746,0.00038
3.14861E-06,2.42733,0.00039
3.15259E-06,2.42721,0.00039
3.15657E-06,2.42708,0.00039
3.16056E-06,2.42695,0.00039
3.16456E-06,2.42682,0.00039
3.16857E-06,2.42668,0.00039
3.17259E-06,2.42655,0.0004
3.17662E-06,2.42642,0.0004
3.18066E-06,2.42629,0.0004
3.18471E-06,2.42615,0.0004
3.18878E-06,2.42602,0.0004
3.19285E-06,2.42589,0.00041
3.19693E-06,2.42575,0.00041
3.20102E-06,2.42562,0.00041
3.20513E-06,2.42548,0.00041
3.20924E-06,2.42534,0.00042
3.21337E-06,2.4252,0.00042
3.2175E-06,2.42507,0.00042
3.22165E-06,2.42493,0.00042
3.22581E-06,2.42479,0.00042
3.22997E-06,2.42465,0.00043
3.23415E-06,2.42451,0.00043
3.23834E-06,2.42437,0.00043
3.24254E-06,2.42422,0.00043
3.24675E-06,2.42408,0.00043
3.25098E-06,2.42394,0.00044
3.25521E-06,2.42379,0.00044
3.25945E-06,2.42365,0.00044
3.26371E-06,2.4235,0.00044
3.26797E-06,2.42336,0.00045
3.27225E-06,2.42321,0.00045
3.27654E-06,2.42306,0.00045
3.28084E-06,2.42292,0.00045
3.28515E-06,2.42277,0.00046
3.28947E-06,2.42262,0.00046
3.29381E-06,2.42247,0.00046
3.29815E-06,2.42232,0.00046
3.30251E-06,2.42217,0.00047
3.30688E-06,2.42201,0.00047
3.31126E-06,2.42186,0.00047
3.31565E-06,2.42171,0.00047
3.32005E-06,2.42155,0.00048
3.32447E-06,2.4214,0.00048
3.32889E-06,2.42124,0.00048
3.33333E-06,2.42108,0.00048
3.33778E-06,2.42093,0.00049
3.34225E-06,2.42077,0.00049
3.34672E-06,2.42061,0.00049
3.35121E-06,2.42045,0.00049
3.3557E-06,2.42029,0.0005
3.36022E-06,2.42013,0.0005
3.36474E-06,2.41997,0.0005
3.36927E-06,2.41981,0.0005
3.37382E-06,2.41964,0.00051
3.37838E-06,2.41948,0.00051
3.38295E-06,2.41931,0.00051
3.38753E-06,2.41915,0.00052
3.39213E-06,2.41898,0.00052
3.39674E-06,2.41881,0.00052
3.40136E-06,2.41865,0.00052
3.40599E-06,2.41848,0.00053
3.41064E-06,2.41831,0.00053
3.4153E-06,2.41814,0.00053
3.41997E-06,2.41796,0.00054
3.42466E-06,2.41779,0.00054
3.42936E-06,2.41762,0.00054
3.43407E-06,2.41744,0.00055
3.43879E-06,2.41727,0.00055
3.44353E-06,2.41709,0.00055
3.44828E-06,2.41692,0.00055
3.45304E-06,2.41674,0.00056
3.45781E-06,2.41656,0.00056
3.4626E-06,2.41638,0.00056
3.46741E-06,2.4162,0.00057
3.47222E-06,2.41602,0.00057
3.47705E-06,2.41584,0.00057
3.48189E-06,2.41566,0.00058
3.48675E-06,2.41547,0.00058
3.49162E-06,2.41529,0.00058
3.4965E-06,2.4151,0.00059
3.5014E-06,2.41491,0.00059
3.50631E-06,2.41473,0.00059
3.51124E-06,2.41454,0.0006
3.51617E-06,2.41435,0.0006
3.52113E-06,2.41416,0.00061
3.52609E-06,2.41397,0.00061
3.53107E-06,2.41377,0.00061
3.53607E-06,2.41358,0.00062
3.54108E-06,2.41339,0.00062
3.5461E-06,2.41319,0.00062
3.55114E-06,2.41299,0.00063
3.55619E-06,2.4128,0.00063
3.56125E-06,2.4126,0.00063
3.56633E-06,2.4124,0.00064
3.57143E-06,2.4122,0.00064
3.57654E-06,2.412,0.00065
3.58166E-06,2.41179,0.00065
3.5868E-06,2.41159,0.00065
3.59195E-06,2.41138,0.00066
3.59712E-06,2.41118,0.00066
3.60231E-06,2.41097,0.00067
3.6075E-06,2.41076,0.00067
3.61272E-06,2.41055,0.00067
3.61795E-06,2.41034,0.00068
3.62319E-06,2.41013,0.00068
3.62845E-06,2.40992,0.00069
3.63372E-06,2.40971,0.00069
3.63901E-06,2.40949,0.0007
3.64431E-06,2.40927,0.0007
3.64964E-06,2.40906,0.00071
3.65497E-06,2.40884,0.00071
3.66032E-06,2.40862,0.00071
3.66569E-06,2.4084,0.00072
3.67107E-06,2.40818,0.00072
3.67647E-06,2.40795,0.00073
3.68189E-06,2.40773,0.00073
3.68732E-06,2.4075,0.00074
3.69276E-06,2.40728,0.00074
3.69822E-06,2.40705,0.00075
3.7037E-06,2.40682,0.00075
3.7092E-06,2.40659,0.00076
3.71471E-06,2.40636,0.00076
3.72024E-06,2.40612,0.00077
3.72578E-06,2.40589,0.00077
3.73134E-06,2.40565,0.00078
3.73692E-06,2.40542,0.00078
3.74251E-06,2.40518,0.00079
3.74813E-06,2.40494,0.00079
3.75375E-06,2.4047,0.0008
3.7594E-06,2.40445,0.0008
3.76506E-06,2.40421,0.00081
3.77074E-06,2.40396,0.00081
3.77644E-06,2.40372,0.00082
3.78215E-06,2.40347,0.00083
3.78788E-06,2.40322,0.00083
3.79363E-06,2.40297,0.00084
3.79939E-06,2.40272,0.00084
3.80518E-06,2.40246,0.00085
3.81098E-06,2.40221,0.00085
3.81679E-06,2.40195,0.00086
3.82263E-06,2.40169,0.00087
3.82848E-06,2.40143,0.00087
3.83436E-06,2.40117,0.00088
3.84025E-06,2.40091,0.00089
3.84615E-06,2.40064,0.00089
3.85208E-06,2.40038,0.0009
3.85802E-06,2.40011,0.0009
3.86399E-06,2.39984,0.00091
3.86997E-06,2.39957,0.00092
3.87597E-06,2.3993,0.00092
3.88199E-06,2.39902,0.00093
3.88802E-06,2.39875,0.00094
3.89408E-06,2.39847,0.00094
3.90016E-06,2.39819,0.00095
3.90625E-06,2.39791,0.00096
3.91236E-06,2.39763,0.00097
3.9185E-06,2.39734,0.00097
3.92465E-06,2.39706,0.00098
3.93082E-06,2.39677,0.00099
3.93701E-06,2.39648,0.001
3.94322E-06,2.39619,0.001
3.94945E-06,2.3959,0.00101
3.9557E-06,2.3956,0.00102
3.96197E-06,2.39531,0.00103
3.96825E-06,2.39501,0.00103
3.97456E-06,2.39471,0.00104
3.98089E-06,2.39441,0.00105
3.98724E-06,2.3941,0.00106
3.99361E-06,2.3938,0.00107
0.000004,2.39349,0.00107
4.00641E-06,2.39318,0.00108
4.01284E-06,2.39287,0.00109
4.01929E-06,2.39256,0.0011
4.02576E-06,2.39224,0.00111
4.03226E-06,2.39192,0.00112
4.03877E-06,2.3916,0.00113
4.04531E-06,2.39128,0.00114
4.05186E-06,2.39096,0.00115
4.05844E-06,2.39063,0.00115
4.06504E-06,2.3903,0.00116
4.07166E-06,2.38997,0.00117
4.0783E-06,2.38964,0.00118
4.08497E-06,2.38931,0.00119
4.09165E-06,2.38897,0.0012
4.09836E-06,2.38863,0.00121
4.10509E-06,2.38829,0.00122
4.11184E-06,2.38795,0.00123
4.11862E-06,2.3876,0.00124
4.12541E-06,2.38726,0.00126
4.13223E-06,2.38691,0.00127
4.13907E-06,2.38655,0.00128
4.14594E-06,2.3862,0.00129
4.15282E-06,2.38584,0.0013
4.15973E-06,2.38548,0.00131
4.16667E-06,2.38512,0.00132
4.17362E-06,2.38476,0.00133
4.1806E-06,2.38439,0.00135
4.1876E-06,2.38402,0.00136
4.19463E-06,2.38365,0.00137
4.20168E-06,2.38328,0.00138
4.20875E-06,2.3829,0.0014
4.21585E-06,2.38252,0.00141
4.22297E-06,2.38214,0.00142
4.23012E-06,2.38175,0.00143
4.23729E-06,2.38137,0.00145
4.24448E-06,2.38098,0.00146
4.2517E-06,2.38058,0.00147
4.25894E-06,2.38019,0.00149
4.26621E-06,2.37979,0.0015
4.2735E-06,2.37939,0.00152
4.28082E-06,2.37898,0.00153
4.28816E-06,2.37858,0.00155
4.29553E-06,2.37817,0.00156
4.30293E-06,2.37776,0.00158
4.31034E-06,2.37734,0.00159
4.31779E-06,2.37692,0.00161
4.32526E-06,2.3765,0.00162
4.33276E-06,2.37608,0.00164
4.34028E-06,2.37565,0.00166
4.34783E-06,2.37522,0.00167
4.3554E-06,2.37478,0.00169
0.000004363,2.37435,0.00171
4.37063E-06,2.37391,0.00172
4.37828E-06,2.37346,0.00174
4.38596E-06,2.37302,0.00176
4.39367E-06,2.37256,0.00178
4.40141E-06,2.37211,0.0018
4.40917E-06,2.37165,0.00182
4.41696E-06,2.37119,0.00183
4.42478E-06,2.37073,0.00185
4.43262E-06,2.37026,0.00187
4.4405E-06,2.36979,0.00189
4.4484E-06,2.36932,0.00192
4.45633E-06,2.36884,0.00194
4.46429E-06,2.36836,0.00196
4.47227E-06,2.36787,0.00198
4.48029E-06,2.36738,0.002
4.48833E-06,2.36689,0.00202
4.4964E-06,2.36639,0.00205
4.5045E-06,2.36589,0.00207
4.51264E-06,2.36539,0.00209
4.5208E-06,2.36488,0.00212
4.52899E-06,2.36436,0.00214
4.53721E-06,2.36385,0.00217
4.54545E-06,2.36333,0.00219
4.55373E-06,2.3628,0.00222
4.56204E-06,2.36227,0.00225
4.57038E-06,2.36174,0.00227
4.57875E-06,2.3612,0.0023
4.58716E-06,2.36066,0.00233
4.59559E-06,2.36011,0.00236
4.60405E-06,2.35956,0.00238
4.61255E-06,2.359,0.00241
4.62107E-06,2.35844,0.00244
4.62963E-06,2.35788,0.00248
4.63822E-06,2.35731,0.00251
4.64684E-06,2.35673,0.00254
4.65549E-06,2.35615,0.00257
4.66418E-06,2.35557,0.0026
4.6729E-06,2.35498,0.00264
4.68165E-06,2.35439,0.00267
4.69043E-06,2.35379,0.00271
4.69925E-06,2.35318,0.00274
4.7081E-06,2.35257,0.00278
4.71698E-06,2.35196,0.00282
4.7259E-06,2.35134,0.00286
4.73485E-06,2.35071,0.0029
4.74383E-06,2.35008,0.00294
4.75285E-06,2.34945,0.00298
4.7619E-06,2.3488,0.00302
4.77099E-06,2.34816,0.00306
4.78011E-06,2.3475,0.00311
4.78927E-06,2.34684,0.00315
4.79846E-06,2.34618,0.0032
4.80769E-06,2.34551,0.00324
4.81696E-06,2.34483,0.00329
4.82625E-06,2.34415,0.00334
4.83559E-06,2.34346,0.00339
4.84496E-06,2.34276,0.00344
4.85437E-06,2.34206,0.00349
4.86381E-06,2.34135,0.00355
4.87329E-06,2.34064,0.0036
4.88281E-06,2.33991,0.00366
4.89237E-06,2.33919,0.00372
4.90196E-06,2.33845,0.00377
4.91159E-06,2.33771,0.00383
4.92126E-06,2.33696,0.0039
4.93097E-06,2.3362,0.00396
4.94071E-06,2.33544,0.00402
4.9505E-06,2.33467,0.00409
4.96032E-06,2.33389,0.00416
4.97018E-06,2.3331,0.00423
4.98008E-06,2.33231,0.0043
4.99002E-06,2.33151,0.00437
0.000005,2.3307,0.00445
5.01002E-06,2.32988,0.00452
5.02008E-06,2.32906,0.0046
5.03018E-06,2.32822,0.00469
5.04032E-06,2.32738,0.00477
5.05051E-06,2.32653,0.00485
5.06073E-06,2.32567,0.00494
5.07099E-06,2.32481,0.00503
5.0813E-06,2.32393,0.00512
5.09165E-06,2.32305,0.00522
5.10204E-06,2.32215,0.00532
5.11247E-06,2.32125,0.00542
5.12295E-06,2.32034,0.00552
5.13347E-06,2.31942,0.00563
5.14403E-06,2.31849,0.00574
5.15464E-06,2.31755,0.00585
5.16529E-06,2.3166,0.00596
5.17598E-06,2.31564,0.00608
5.18672E-06,2.31466,0.0062
5.19751E-06,2.31368,0.00633
5.20833E-06,2.31269,0.00646
5.21921E-06,2.31169,0.00659
5.23013E-06,2.31068,0.00673
5.24109E-06,2.30966,0.00687
5.2521E-06,2.30862,0.00701
5.26316E-06,2.30758,0.00716
5.27426E-06,2.30652,0.00732
5.28541E-06,2.30546,0.00748
5.29661E-06,2.30438,0.00764
5.30786E-06,2.30329,0.00781
5.31915E-06,2.30219,0.00798
5.33049E-06,2.30107,0.00816
5.34188E-06,2.29995,0.00834
5.35332E-06,2.29881,0.00853
5.36481E-06,2.29766,0.00873
5.37634E-06,2.2965,0.00893
5.38793E-06,2.29532,0.00914
5.39957E-06,2.29413,0.00935
5.41126E-06,2.29293,0.00958
5.42299E-06,2.29171,0.0098
5.43478E-06,2.29049,0.01004
5.44662E-06,2.28924,0.01028
5.45852E-06,2.28799,0.01054
5.47046E-06,2.28672,0.01079
5.48246E-06,2.28544,0.01106
5.49451E-06,2.28414,0.01134
5.50661E-06,2.28283,0.01162
5.51876E-06,2.28151,0.01192
5.53097E-06,2.28017,0.01222
5.54324E-06,2.27881,0.01254
5.55556E-06,2.27745,0.01286
5.56793E-06,2.27606,0.0132
5.58036E-06,2.27467,0.01354
5.59284E-06,2.27325,0.0139
5.60538E-06,2.27183,0.01427
5.61798E-06,2.27038,0.01465
5.63063E-06,2.26893,0.01504
5.64334E-06,2.26746,0.01545
5.65611E-06,2.26597,0.01587
5.66893E-06,2.26447,0.01631
5.68182E-06,2.26295,0.01675
5.69476E-06,2.26142,0.01722
5.70776E-06,2.25987,0.01769
5.72082E-06,2.25831,0.01819
5.73394E-06,2.25673,0.0187
5.74713E-06,2.25514,0.01922
5.76037E-06,2.25354,0.01976
5.77367E-06,2.25191,0.02032
5.78704E-06,2.25028,0.0209
5.80046E-06,2.24863,0.0215
5.81395E-06,2.24697,0.02211
5.82751E-06,2.24529,0.02275
5.84112E-06,2.2436,0.0234
5.8548E-06,2.2419,0.02407
5.86854E-06,2.24018,0.02477
5.88235E-06,2.23845,0.02549
5.89623E-06,2.23671,0.02622
5.91017E-06,2.23495,0.02698
5.92417E-06,2.23318,0.02776
5.93824E-06,2.23141,0.02857
5.95238E-06,2.22962,0.02939
5.96659E-06,2.22782,0.03024
5.98086E-06,2.22601,0.03112
5.9952E-06,2.22419,0.03202
6.00962E-06,2.22236,0.03294
6.0241E-06,2.22053,0.03389
6.03865E-06,2.21868,0.03486
6.05327E-06,2.21683,0.03585
6.06796E-06,2.21497,0.03687
6.08273E-06,2.2131,0.03792
6.09756E-06,2.21123,0.03899
6.11247E-06,2.20936,0.04009
6.12745E-06,2.20747,0.04121
6.14251E-06,2.20559,0.04236
6.15764E-06,2.2037,0.04353
6.17284E-06,2.2018,0.04473
6.18812E-06,2.19991,0.04595
6.20347E-06,2.19801,0.04719
6.21891E-06,2.19611,0.04846
6.23441E-06,2.1942,0.04976
0.00000625,2.1923,0.05108
6.26566E-06,2.19039,0.05242
6.28141E-06,2.18849,0.05378
6.29723E-06,2.18658,0.05517
6.31313E-06,2.18467,0.05658
6.32911E-06,2.18277,0.05801
6.34518E-06,2.18086,0.05946
6.36132E-06,2.17895,0.06093
6.37755E-06,2.17704,0.06243
6.39386E-06,2.17513,0.06394
6.41026E-06,2.17322,0.06548
6.42674E-06,2.17131,0.06703
6.4433E-06,2.1694,0.0686
6.45995E-06,2.16749,0.0702
6.47668E-06,2.16558,0.07181
6.49351E-06,2.16366,0.07344
6.51042E-06,2.16174,0.07509
6.52742E-06,2.15982,0.07676
6.5445E-06,2.1579,0.07844
6.56168E-06,2.15597,0.08015
6.57895E-06,2.15404,0.08187
6.59631E-06,2.15211,0.08361
6.61376E-06,2.15017,0.08538
6.6313E-06,2.14823,0.08716
6.64894E-06,2.14628,0.08896
6.66667E-06,2.14433,0.09078
6.68449E-06,2.14237,0.09262
6.70241E-06,2.1404,0.09449
6.72043E-06,2.13843,0.09637
6.73854E-06,2.13646,0.09828
6.75676E-06,2.13448,0.10021
6.77507E-06,2.13249,0.10216
6.79348E-06,2.1305,0.10413
6.81199E-06,2.1285,0.10613
6.8306E-06,2.1265,0.10815
6.84932E-06,2.12449,0.1102
6.86813E-06,2.12248,0.11227
6.88705E-06,2.12047,0.11437
6.90608E-06,2.11845,0.11649
6.92521E-06,2.11644,0.11863
6.94444E-06,2.11442,0.1208
6.96379E-06,2.1124,0.123
6.98324E-06,2.11038,0.12522
7.0028E-06,2.10836,0.12746
7.02247E-06,2.10634,0.12972
7.04225E-06,2.10433,0.13201
7.06215E-06,2.10231,0.13432
7.08215E-06,2.1003,0.13665
7.10227E-06,2.0983,0.13899
7.12251E-06,2.09629,0.14135
7.14286E-06,2.09429,0.14373
7.16332E-06,2.09229,0.14613
7.18391E-06,2.0903,0.14853
7.20461E-06,2.0883,0.15095
7.22543E-06,2.08631,0.15337
7.24638E-06,2.08432,0.1558
7.26744E-06,2.08233,0.15824
7.28863E-06,2.08033,0.16068
7.30994E-06,2.07833,0.16312
7.33138E-06,2.07632,0.16556
7.35294E-06,2.0743,0.168
7.37463E-06,2.07227,0.17043
7.39645E-06,2.07023,0.17286
7.4184E-06,2.06816,0.17529
7.44048E-06,2.06608,0.1777
7.46269E-06,2.06397,0.18011
7.48503E-06,2.06184,0.18251
7.50751E-06,2.05967,0.18491
7.53012E-06,2.05746,0.18729
7.55287E-06,2.05521,0.18967
7.57576E-06,2.05292,0.19203
7.59878E-06,2.05058,0.1944
7.62195E-06,2.04819,0.19676
7.64526E-06,2.04574,0.19911
7.66871E-06,2.04323,0.20146
7.69231E-06,2.04065,0.20381
7.71605E-06,2.03801,0.20617
7.73994E-06,2.03529,0.20853
7.76398E-06,2.03249,0.2109
7.78816E-06,2.02961,0.21327
7.8125E-06,2.02665,0.21566
7.83699E-06,2.0236,0.21807
7.86164E-06,2.02046,0.22049
7.88644E-06,2.01722,0.22294
7.91139E-06,2.01389,0.22541
7.93651E-06,2.01045,0.22791
7.96178E-06,2.00691,0.23044
7.98722E-06,2.00326,0.233
8.01282E-06,1.99949,0.2356
8.03859E-06,1.99561,0.23824
8.06452E-06,1.99161,0.24092
8.09061E-06,1.98748,0.24365
8.11688E-06,1.98322,0.24642
8.14332E-06,1.97882,0.24924
8.16993E-06,1.97427,0.25212
8.19672E-06,1.96958,0.25505
8.22368E-06,1.96473,0.25805
8.25083E-06,1.95971,0.26111
8.27815E-06,1.95451,0.26424
8.30565E-06,1.94912,0.26744
8.33333E-06,1.94354,0.27073
8.3612E-06,1.93774,0.27412
8.38926E-06,1.93172,0.2776
8.41751E-06,1.92547,0.2812
8.44595E-06,1.91896,0.28492
8.47458E-06,1.91219,0.28879
8.5034E-06,1.90514,0.29281
8.53242E-06,1.8978,0.29702
8.56164E-06,1.89016,0.30142
8.59107E-06,1.88219,0.30605
8.62069E-06,1.8739,0.31093
8.65052E-06,1.86525,0.31608
8.68056E-06,1.85626,0.32156
8.7108E-06,1.8469,0.32737
8.74126E-06,1.83716,0.33358
8.77193E-06,1.82705,0.34021
8.80282E-06,1.81655,0.34731
8.83392E-06,1.80567,0.35493
8.86525E-06,1.79441,0.36312
8.8968E-06,1.78276,0.37193
8.92857E-06,1.77075,0.38143
8.96057E-06,1.75839,0.39168
8.99281E-06,1.74569,0.40274
9.02527E-06,1.7327,0.41468
9.05797E-06,1.71943,0.42758
9.09091E-06,1.70594,0.44152
9.12409E-06,1.69229,0.45656
9.15751E-06,1.67854,0.4728
9.19118E-06,1.66479,0.49029
9.22509E-06,1.65112,0.50913
9.25926E-06,1.63766,0.52936
9.29368E-06,1.62453,0.55105
9.32836E-06,1.61188,0.57424
9.3633E-06,1.59987,0.59895
9.3985E-06,1.58868,0.62517
9.43396E-06,1.57849,0.6529
9.4697E-06,1.56947,0.68206
9.5057E-06,1.56183,0.71258
9.54198E-06,1.55572,0.74433
9.57854E-06,1.5513,0.77717
9.61538E-06,1.54871,0.81092
9.65251E-06,1.54803,0.84537
9.68992E-06,1.54934,0.88033
9.72763E-06,1.55267,0.91556
9.76563E-06,1.55799,0.95085
9.80392E-06,1.56525,0.986
9.84252E-06,1.57438,1.02082
9.88142E-06,1.58525,1.05515
9.92063E-06,1.59774,1.08885
9.96016E-06,1.6117,1.12184
0.00001,1.62698,1.15405
1.00402E-05,1.64343,1.18546
1.00807E-05,1.66091,1.21607
1.01215E-05,1.67931,1.24592
1.01626E-05,1.69853,1.27506
1.02041E-05,1.7185,1.30357
1.02459E-05,1.73918,1.33154
1.02881E-05,1.76058,1.35904
1.03306E-05,1.78272,1.38615
1.03734E-05,1.80566,1.41293
1.04167E-05,1.82949,1.43942
1.04603E-05,1.85429,1.46563
1.05042E-05,1.88019,1.49152
1.05485E-05,1.9073,1.51704
1.05932E-05,1.93573,1.54208
1.06383E-05,1.96556,1.56651
1.06838E-05,1.99684,1.59014
1.07296E-05,2.0296,1.61279
1.07759E-05,2.06381,1.63423
1.08225E-05,2.09938,1.65427
1.08696E-05,2.13619,1.6727
1.0917E-05,2.17407,1.68934
1.09649E-05,2.21278,1.70406
1.10132E-05,2.25209,1.71678
1.1062E-05,2.29173,1.72747
1.11111E-05,2.33144,1.73617
1.11607E-05,2.37097,1.74297
1.12108E-05,2.41012,1.74803
1.12613E-05,2.44871,1.75152
1.13122E-05,2.48665,1.75369
1.13636E-05,2.5239,1.75474
1.14155E-05,2.56046,1.75493
1.14679E-05,2.59644,1.75446
1.15207E-05,2.63198,1.7535
1.15741E-05,2.66729,1.75215
1.16279E-05,2.70261,1.75047
1.16822E-05,2.73817,1.74838
1.17371E-05,2.77423,1.74574
1.17925E-05,2.81094,1.74228
1.18483E-05,2.84838,1.73768
1.19048E-05,2.8865,1.73153
1.19617E-05,2.92505,1.72348
1.20192E-05,2.96365,1.71324
1.20773E-05,3.00181,1.70071
1.21359E-05,3.03902,1.68596
1.21951E-05,3.07481,1.6693
1.22549E-05,3.1089,1.65114
1.23153E-05,3.14118,1.63198
1.23762E-05,3.17172,1.61228
1.24378E-05,3.20077,1.59239
0.0000125,3.22861,1.57254
1.25628E-05,3.25559,1.55282
1.26263E-05,3.282,1.53319
1.26904E-05,3.30807,1.51353
1.27551E-05,3.33397,1.49365
1.28205E-05,3.35978,1.47334
1.28866E-05,3.38549,1.45239
1.29534E-05,3.41104,1.4306
1.30208E-05,3.4363,1.40781
1.3089E-05,3.46109,1.3839
1.31579E-05,3.48521,1.35881
1.32275E-05,3.50845,1.33254
1.32979E-05,3.53059,1.30513
1.3369E-05,3.55143,1.27671
1.34409E-05,3.57081,1.24742
1.35135E-05,3.58862,1.21746
1.3587E-05,3.60476,1.18704
1.36612E-05,3.61924,1.15637
1.37363E-05,3.63206,1.12568
1.38122E-05,3.64331,1.09516
1.38889E-05,3.65309,1.06498
1.39665E-05,3.66155,1.03527
1.40449E-05,3.66883,1.00613
1.41243E-05,3.67509,0.9776
1.42046E-05,3.68049,0.94972
1.42857E-05,3.68517,0.92245
